cfg_id,lr,momentum,nesterov,airfoil_rmse,laser_rmse,concrete_rmse,ankara_rmse,wine_rmse
sgd_00,0.003,0.9,False,8.723051071166992,6.0148820877075195,11.958955764770508,4.714893341064453,0.6396430730819702
sgd_01,0.001,0.9,False,8.729898452758789,6.189139366149902,12.295944213867188,6.104946613311768,0.6493874192237854
sgd_02,0.003,0.0,False,8.898765563964844,6.6341938972473145,12.548029899597168,6.693088054656982,0.6536993384361267
