language,dataset,seed,samples,repeats,trial,total_seconds,mean_ms
python,laser,0,794,100,1,5.033298800000921,50.33298800000921
python,laser,0,794,100,2,5.133059399900958,51.33059399900958
python,laser,0,794,100,3,5.090346699813381,50.90346699813381
python,laser,0,794,100,4,5.19886859995313,51.9886859995313
python,laser,0,794,100,5,5.2499142999295145,52.499142999295145
