optimiser,mean_mse,mean_time
adam,0.009999849767798545,18.18454751200974
cmaes,0.19519732108484572,5.338188331010752
de,0.07447043798312306,15.713639369984158
ga,0.04271659308583974,40.83121490399353
pso,0.05748286804467068,18.01329562096391
rmsprop,0.04100102612852867,28.60216024398338
sgd,0.04117462584298055,27.4876769600017
